{
  "input_size": 12,
  "hidden_size": 32,
  "output_size": 4,
  "weight_range": 3.0,
  "hidden_weights": [
    [
      -0.4468768671838038,
      3.0,
      -0.47592907768278514,
      -0.8827665833245224,
      -1.9747220665882783,
      2.524679824247002,
      -2.2688233545716803,
      -0.032009094938005855,
      2.549753705401691,
      -1.8954819075423197,
      -0.6984464587166973,
      0.12276561020039167,
      -2.2001865224235297
    ],
    [
      0.008850249591878412,
      0.3173942517170787,
      2.4714065881002623,
      -0.09681900476058303,
      1.3387684889668203,
      1.655401316474157,
      -1.6879010698854087,
      2.6324091509686127,
      -2.3957173044400006,
      -2.606479965740033,
      1.347078389445003,
      2.4151634392909713,
      0.42581833760449483
    ],
    [
      3.0,
      -1.9896221566915213,
      1.766828773104379,
      0.1761464711101669,
      -1.7187541604246297,
      2.167525554012858,
      -1.2435928389682145,
      -0.6410258255161758,
      -1.8255325848816466,
      -1.6110120461382207,
      2.228611255378093,
      -2.330822761276313,
      -1.4890203155988788
    ],
    [
      -2.2272708907619188,
      -0.2978608740106796,
      -3.0,
      0.8701378008552434,
      -2.4888143807369247,
      3.0,
      0.4656634933038666,
      -0.157642658060952,
      -2.0009982896856022,
      1.5533090968448522,
      -0.4774616750396966,
      -0.3237087412557951,
      -0.37071993220701105
    ],
    [
      -0.08024676153021515,
      0.1816692108315957,
      1.7945800837441,
      1.5511877984775688,
      2.2096136532277852,
      -0.6559111722584373,
      -0.9482998319424875,
      -0.4951746750583961,
      -1.4741459912815746,
      -0.28461636576012583,
      -2.767439095876074,
      0.49994635146337807,
      -0.1447830140125621
    ],
    [
      -1.3508442530113887,
      1.3481263212347492,
      3.0,
      -3.0,
      -1.2743753367412503,
      -0.4352300728832107,
      -3.0,
      2.6441300674503383,
      -1.4391262922076455,
      2.3945287489665628,
      3.0,
      -2.56789444479934,
      0.5382784655372388
    ],
    [
      -1.8277115651811513,
      1.5438836353465315,
      3.0,
      1.3664529521267479,
      0.14879809295948865,
      -3.0,
      0.7169925107121209,
      -0.7123770776279154,
      2.59594470291404,
      -0.5255531508138709,
      -0.5138124402602068,
      3.0,
      0.5016339547789227
    ],
    [
      2.048150674724142,
      0.09593537729985624,
      0.14651171196585544,
      -1.3035875565364827,
      0.7525930578589118,
      3.0,
      2.7370607981444044,
      -1.8953040491845905,
      0.8672857320945166,
      -1.3175484653608838,
      -1.7552523079028584,
      -1.0293975404805131,
      -2.092908442036511
    ],
    [
      1.6833970489320464,
      1.597982367166852,
      1.7727704107300786,
      -1.6245952110187867,
      2.999333249626013,
      -2.5225264039003283,
      -0.3321779775555198,
      0.8750521866988046,
      1.5583133160997038,
      0.7172457733061136,
      -2.057405216476893,
      2.5637794771393723,
      -2.212190425762293
    ],
    [
      0.024016951429072342,
      -3.0,
      0.297339643470681,
      0.12145128919163206,
      -1.4173241070936142,
      0.22568510163486288,
      2.422758489243365,
      -0.7882058959284554,
      -1.1699131386968693,
      -1.8546481722291472,
      0.17046157909597692,
      1.5402934606187455,
      1.9951391959928921
    ],
    [
      2.8073822296863145,
      2.460046431685023,
      1.7008275819088574,
      -1.8453246641937444,
      -0.2978404000374121,
      0.8809415686942506,
      -2.968746640023414,
      -0.6077814647990878,
      2.481053112323186,
      1.9064411321667893,
      2.5980432573470775,
      1.077704870318429,
      -1.2790177595618037
    ],
    [
      1.4323195788194893,
      -0.2828997718419103,
      1.3663595582549934,
      2.4224257252423955,
      -0.6945075946331232,
      -3.0,
      -1.238196952684519,
      2.536397299112608,
      1.885303118000385,
      -1.884022509169943,
      3.0,
      0.6472167154487448,
      1.6530148212297795
    ],
    [
      1.6983598738613344,
      -0.9252868752760848,
      -0.8311623346314361,
      1.3584454145417104,
      -2.393071963835353,
      1.0609710432311035,
      1.5759380687830051,
      2.222924457171081,
      2.859279805334427,
      -3.0,
      0.976630248883691,
      -0.9226412838288126,
      2.352965063552173
    ],
    [
      2.2720832568676377,
      0.7927299880809736,
      -1.391996842821304,
      -2.34655035345638,
      -2.503620869630627,
      1.2655655160442474,
      1.9257205022876676,
      3.0,
      3.0,
      -0.5799423047998974,
      0.07773157090135152,
      1.3049799441207357,
      -2.7568320711389993
    ],
    [
      -2.319458161941625,
      -0.9178967064915221,
      -0.910018184871546,
      -3.0,
      1.7389651106448865,
      0.297795565368953,
      -0.7302340772981297,
      3.0,
      -1.9063810775455199,
      -1.549658385851469,
      -0.38816692319672264,
      0.6081380404082481,
      -2.387896039024173
    ],
    [
      1.792301170903252,
      -3.0,
      2.8336818962707992,
      1.7464907406609735,
      -1.5642133570971386,
      -1.993096402295707,
      1.01846836390301,
      -1.4564964300860257,
      1.989243123163122,
      2.1296206479086024,
      0.2940317326788997,
      -2.92038497031261,
      0.7911405764410253
    ],
    [
      -2.0049989941678863,
      -2.924453474938814,
      2.072900117833309,
      -2.9487315251218895,
      2.796395132140766,
      -0.3280523219802902,
      -0.5725223423068286,
      -0.5899567259244417,
      1.945491048631143,
      -1.7019482279310698,
      2.591805179588552,
      0.18317883529606516,
      1.632874807448128
    ],
    [
      -2.4822868523126855,
      -0.7535017590284154,
      1.079057573717974,
      -0.9353988068300718,
      1.5329397308794612,
      -0.025709652096914448,
      -1.621288376635596,
      -2.5027328160081255,
      -1.1621045420269671,
      -1.6965122602818774,
      0.20662763824328834,
      -0.6134236051041525,
      1.8555992294513386
    ],
    [
      -2.028228110739869,
      1.7169563559816003,
      -1.6833170325303146,
      -1.478981474924761,
      -2.639410750454213,
      -2.676010944065034,
      1.36809753302805,
      -1.6235454308749226,
      -1.5178940971537456,
      -1.3152068016897736,
      1.097971806064743,
      3.0,
      2.176599867736259
    ],
    [
      -2.188132025817228,
      1.217919374462326,
      -2.5236902060690576,
      -1.338757910025596,
      2.088059899240178,
      0.6565425284456625,
      -0.2062178139673706,
      1.6779614386289348,
      0.20932501287506844,
      1.1527639337473539,
      -0.9855026555552754,
      -0.8333465692172265,
      2.5775016287499652
    ],
    [
      0.08821161200860939,
      -1.1534743291655225,
      0.22471585803325356,
      -2.7544770595336923,
      -2.6946256354480744,
      0.6214628503082242,
      2.427650948457802,
      -0.3886497046180397,
      -3.0,
      0.07466720132393856,
      -0.49181770677626324,
      1.1513952150094304,
      -0.3747166179652416
    ],
    [
      -0.9926705646479559,
      -1.65013569795462,
      0.19324786241676195,
      2.4993086950451295,
      2.20643019872334,
      -1.3532242587526926,
      -3.0,
      -2.5768541204922704,
      1.241153717700352,
      -3.0,
      -0.5283445893949333,
      2.5001547008902176,
      -0.1047293213974706
    ],
    [
      0.5519740937155185,
      -1.5445339436347578,
      1.9452124148908305,
      1.3597262185254377,
      0.1351800500171474,
      -2.886007506253495,
      -3.0,
      -3.0,
      0.662369314772383,
      -1.0858094822925652,
      2.4643111567805973,
      -0.30788738294954865,
      -2.9315998883761973
    ],
    [
      2.178754715406548,
      -1.1575111384103711,
      1.9981489901409388,
      -2.4565267617336355,
      1.17475630340678,
