{
  "input_size": 12,
  "hidden_size": 32,
  "output_size": 4,
  "weight_range": 3.0,
  "hidden_weights": [
    [
      -0.907223576952354,
      3.0,
      -1.2635741333434427,
      -0.8568243950466368,
      -1.9111541312352678,
      3.0,
      -2.7474770891815545,
      -0.22433919161432325,
      2.7652228121095757,
      -1.4016365822008088,
      -0.00022040756957852903,
      0.09248682551137932,
      -2.2353523578423644
    ],
    [
      -0.5666570770666083,
      -0.22731986956866124,
      2.8377104386500545,
      -0.21617656540724361,
      1.758558983968486,
      1.4852953289073865,
      -0.6077893531159491,
      2.097954417589868,
      -1.7316777978516562,
      -2.718714531345986,
      0.9434107131193923,
      2.5518990076559236,
      0.05455889562288818
    ],
    [
      2.5509047620567644,
      -2.0180505274390437,
      2.019489470766734,
      -0.1126046244783635,
      -1.126582448816758,
      1.5363007306316514,
      -0.5476566191284821,
      -0.7818300304818624,
      -2.7338435579763782,
      -1.1688143486807947,
      2.725176616646082,
      -2.574951374669886,
      -0.8838887021311076
    ],
    [
      -2.3850482797873678,
      -0.28629020998465227,
      -2.8540241874739394,
      0.28002062227529645,
      -2.4865477864424985,
      3.0,
      1.125378968763306,
      0.8958468252174427,
      -2.0396602484178734,
      1.5533090968448522,
      -0.8663623226769497,
      -0.3237087412557951,
      -0.09484019284270129
    ],
    [
      0.13145829387810049,
      0.14233387527735053,
      1.6615143771186736,
      1.1392190550690655,
      3.0,
      0.0202449112684715,
      -0.9482998319424875,
      -0.4951746750583961,
      -0.9724986493839688,
      -0.16361924443618325,
      -2.9180394598920856,
      0.47880081268549224,
      -0.6436467122049103
    ],
    [
      -1.3135102037061785,
      1.7441690507292424,
      3.0,
      -3.0,
      -1.7703316384764807,
      -0.5766565010081498,
      -2.489329439165079,
      2.260117696766568,
      -1.5052987792981192,
      2.2383014437390667,
      2.7029778084342784,
      -2.7467195995298894,
      0.3151886012127767
    ],
    [
      -1.4298369195631788,
      -0.2467796732229809,
      2.5006032446734134,
      1.9109680177991275,
      -0.7566377872399757,
      -2.3407261853042813,
      1.2172801100999897,
      0.008759772582367709,
      1.4473458531671257,
      -0.8025313254683158,
      -0.9576995581473694,
      3.0,
      1.075667080733037
    ],
    [
      2.048150674724142,
      -0.04875507102380938,
      -0.4654475858674285,
      -1.2576430909701388,
      0.33607004440180444,
      3.0,
      3.0,
      -2.1771423758455004,
      1.1337667997633138,
      -1.3963559540225887,
      -2.052564314208846,
      -0.6027849800032401,
      -2.397536187094092
    ],
    [
      1.2030973126212952,
      1.7759040022103771,
      2.8612145287108195,
      -1.4044665855975809,
      2.0554330671442766,
      -2.6947159655347557,
      -0.43722407261042917,
      1.4338587951446466,
      1.6331231207835093,
      1.002978971943007,
      -3.0,
      3.0,
      -2.110397699340407
    ],
    [
      -0.4303694475654467,
      -2.9560477415906288,
      -0.12056713791607343,
      -0.22016502653662717,
      -0.8785199512310101,
      0.8874256561631509,
      1.7727459902382092,
      -0.4694814362496331,
      -1.3383955212884784,
      -1.5718991834251717,
      0.10150996081059649,
      1.2445047639102755,
      2.325264284784969
    ],
    [
      2.099990389176921,
      2.9507271032785036,
      1.8876153830324092,
      -1.6732813620423372,
      0.35531126701813354,
      1.3986525789652209,
      -2.5403507580235467,
      -0.9174348478998531,
      1.7618214756298671,
      1.583742235857885,
      2.371556647704807,
      2.0796269641672342,
      -1.10450803090413
    ],
    [
      1.1292637324581538,
      0.006733047446202178,
      1.1918003914544206,
      2.1689068326815732,
      -1.3760292038965474,
      -3.0,
      -1.6504433708903539,
      2.6035403240562482,
      1.2737180017138723,
      -2.08889362158638,
      2.56579399193374,
      0.03195557807078675,
      2.598875331540535
    ],
    [
      1.4885317674277494,
      -1.0870238313031453,
      -1.149356660942232,
      1.0767673276492538,
      -1.8661583653032419,
      1.6496788491678294,
      1.7185560574838779,
      1.993470074273346,
      2.510094080899959,
      -2.0384801109694957,
      0.7565702085257174,
      -1.0682512866683505,
      2.8519473964729083
    ],
    [
      2.466039248496034,
      -0.14710884900156707,
      -2.153559927100581,
      -3.0,
      -2.429834522106909,
      0.5427595660237229,
      1.7372949090625867,
      2.6731632986785385,
      3.0,
      -0.704900546602703,
      0.4698566364402361,
      0.438558429756843,
      -2.523107387729797
    ],
    [
      -1.8388776983643416,
      -0.9178967064915221,
      -0.8352762611396446,
      -3.0,
      0.31895559991446565,
      0.5205429700257361,
      -0.7161912444460604,
      3.0,
      -2.17398135352782,
      -1.8772829350815359,
      -0.3508384834795095,
      0.2545242711051433,
      -2.20377421962015
    ],
    [
      1.6664615142734873,
      -2.568245729071503,
      2.8158260260126124,
      1.0758707782415242,
      -1.727935018331387,
      -2.2977535167688927,
      1.5602404925913365,
      -1.171633770856146,
      2.1664659073315615,
      2.530647499420934,
      0.855110989838729,
      -3.0,
      0.17643699071774244
    ],
    [
      -1.4233395185889373,
      -3.0,
      1.8099852718490568,
      -2.4328171834490746,
      2.2028932767773197,
      -0.5947463271148004,
      -0.9762163924694071,
      -0.4616648025735782,
      1.4616467813289526,
      -1.492497538673664,
      1.9444436080992478,
      0.9449405833903347,
      1.632874807448128
    ],
    [
      -1.959060787681127,
      -0.7073718413908463,
      0.8307603063949727,
      -0.8841778643504723,
      2.2411043761475007,
      -1.1898556650523893,
      -1.2696738619160566,
      -2.234846158657733,
      -0.9027717661682574,
      -1.9864524784354582,
      0.39225448146748476,
      -0.3782737726316272,
      0.16777363731972494
    ],
    [
      -2.299747174948797,
      2.069808784683781,
      -1.3082688444858372,
      -1.3035438120916654,
      -2.77650461151417,
      -2.2314431693359156,
      1.660191617963033,
      -1.961408107177483,
      -1.15494849629353,
      -1.1481924534341292,
      1.8387180255123274,
      3.0,
      1.62893096874119
    ],
    [
      -1.7745120232830143,
      1.2079861594700423,
      -2.656003974540909,
      -1.2474560764520648,
      1.8898181096879574,
      0.41839194279397107,
      0.8722440949138013,
      2.229501575742763,
      0.3811067585299672,
      1.8309943958535317,
      -0.21888287311421806,
      -1.3365867208462636,
      2.6496265621574895
    ],
    [
      0.034880156118091366,
      -0.8259301362644806,
      0.16160305526644203,
      -2.723002178166695,
      -2.758248991676607,
      1.6038415777972563,
      2.6223686282607113,
      -1.2511443802198252,
      -2.530472248883984,
      -0.16288215412156126,
      -0.3324012097099397,
      1.066471241852558,
      0.03711118776192579
    ],
    [
      -0.9126885281944415,
      -1.9690719098442437,
      0.736913598868842,
      2.9445771764593998,
      1.9069588650491807,
      -1.5659671783604732,
      -3.0,
      -2.917769516944671,
      1.241153717700352,
      -2.868286984425544,
      -0.9535954323862128,
      2.2571089848689874,
      0.04472658183534528
    ],
    [
      0.602869863980925,
      -1.0327425805969015,
      1.9452124148908305,
      0.5626096352622081,
      0.2540980267159103,
      -2.488838081893711,
      -3.0,
      -2.701291110132064,
      0.662369314772383,
      -1.4148334742357278,
      2.1749105131210977,
      -0.8408533570745248,
      -2.5962794839755845
    ],
    [
      2.9451469489377926,
